description,protein_g,fat_g,carbs_g,energy_kcal,sugars_g,fiber_g,sodium_mg,potassium_mg,cholesterol_mg,protein_ratio,fat_ratio,carb_ratio,sugar_ratio,fiber_density,sodium_density,processed_level,health_label
"FRESH JICAMA STICKS WITH SRIRACHA SEASONING, SRIRACHA",0.88,0.0,9.73,40.0,1.77,5.3,283.0,124.0,0.0,0.022,0.0,0.24325000000000002,0.18191161356628982,0.5447070914696813,7.075,2,Unhealthy
"CAPPUCCINO DRINK MIX, PUMPKIN SPICE",0.0,30.0,60.0,533.0,33.33,0.0,1067.0,0.0,0.0,0.0,0.05628517823639775,0.1125703564727955,0.5555,0.0,2.0018761726078798,2,Unhealthy
GOURMET CARAMEL CORN,3.57,5.36,89.29,400.0,50.0,7.1,293.0,0.0,0.0,0.008924999999999999,0.0134,0.223225,0.5599731212901781,0.07951618322320528,0.7325,2,Moderate
"SALMON, SHRIMP & SCALLOPS",7.0,5.0,15.0,130.0,1.0,1.0,470.0,45.0,30.0,0.05384615384615385,0.038461538461538464,0.11538461538461539,0.06666666666666667,0.06666666666666667,3.6153846153846154,2,Unhealthy
"BUTTER COOKIES, BUTTER",5.88,17.65,67.65,441.0,29.41,2.9,235.0,206.0,59.0,0.013333333333333332,0.04002267573696145,0.1534013605442177,0.4347376201034737,0.042867701404286765,0.5328798185941043,2,Moderate
"SPECIALTY, SALSA VERDE MILD SALSA, SALSA VERDE",0.0,0.0,3.12,16.0,3.12,0.0,297.0,125.0,0.0,0.0,0.0,0.195,1.0,0.0,18.5625,2,Unhealthy
APPLE-CINNAMON FLAVORED CEREAL,0.0,0.0,92.0,400.0,36.0,4.0,80.0,0.0,0.0,0.0,0.0,0.23,0.391304347826087,0.043478260869565216,0.2,2,Healthy
"HICKORY WOOD SMOKED BACON, HICKORY WOOD SMOKED",33.33,33.33,0.0,500.0,0.0,0.0,1778.0,522.0,111.0,0.06666,0.06666,0.0,0.0,0.0,3.556,1,Unhealthy
ARTICHOKE HEARTS,2.92,0.42,11.25,58.0,0.83,5.8,296.0,286.0,0.0,0.0503448275862069,0.007241379310344827,0.1939655172413793,0.07377777777777778,0.5155555555555555,5.103448275862069,1,Moderate
Kashi Organic Cereal Cinnamon Harvest 52oz,11.0,1.4,78.9,333.0,15.0,10.7,2.0,316.0,0.0,0.03303303303303303,0.004204204204204204,0.23693693693693696,0.19011406844106463,0.1356147021546261,0.006006006006006006,2,Healthy
WILD COCOA POWDER,41.67,16.67,83.33,417.0,0.0,66.7,33.0,3667.0,0.0,0.09992805755395684,0.03997601918465228,0.19983213429256594,0.0,0.8004320172806912,0.07913669064748201,1,Healthy
Old El Paso Traditional Refried Beans Canned 16-Ounce,3.68,0.43,10.85,62.0,0.47,5.1,368.0,629.0,0.0,0.05935483870967742,0.006935483870967742,0.175,0.04331797235023041,0.4700460829493087,5.935483870967742,2,Moderate
ORGANIC CHICKEN BONE BROTH,3.67,0.0,0.0,16.0,0.0,0.0,39.0,53.0,2.0,0.229375,0.0,0.0,0.0,0.0,2.4375,2,Healthy
100% COCONUT WATER JUICE,0.0,0.0,170.0,700.0,140.0,0.0,900.0,3900.0,0.0,0.0,0.0,0.24285714285714285,0.8235294117647058,0.0,1.2857142857142858,1,Unhealthy
"BUTTERMILK PANCAKES, BUTTERMILK",5.13,2.56,42.74,222.0,10.26,0.9,350.0,77.0,4.0,0.023108108108108108,0.011531531531531532,0.19252252252252253,0.24005615348619558,0.02105755732335049,1.5765765765765767,2,Moderate
"Late July Sea Salt & Lime Organic Tortilla Chips, 10.1 Oz Bag",7.14,25.0,57.14,464.0,0.0,3.6,250.0,0.0,0.0,0.015387931034482757,0.05387931034482758,0.12314655172413794,0.0,0.06300315015750788,0.5387931034482759,1,Healthy
SNOWBALLS COVERED IN VANILLA FLAVORED CREME MALTED MILK BALLS,3.33,16.67,76.67,467.0,66.67,0.0,150.0,300.0,0.0,0.0071306209850107065,0.03569593147751606,0.16417558886509637,0.8695708882222513,0.0,0.32119914346895073,2,Unhealthy
"TRUFFLES IN MILK, DARK & WHITE CHOCOLATE, DARK CHOCOLATE, MILK CHOCOLATE, WHITE CHOCOLATE",6.25,28.12,53.12,469.0,50.0,3.1,78.0,312.0,16.0,0.013326226012793176,0.05995735607675906,0.11326226012793177,0.9412650602409639,0.05835843373493976,0.16631130063965885,2,Unhealthy
"PECAN SHORTBREAD COOKIES, PECAN SHORTBREAD",6.45,32.26,58.06,548.0,22.58,3.2,355.0,65.0,16.0,0.01177007299270073,0.058868613138686125,0.10594890510948905,0.38890802617981396,0.05511539786427833,0.6478102189781022,2,Moderate
"APPLE & BANANA SMOOTHIE WITH BUTTERNUT SQUASH, DATE & OATS",1.11,0.0,15.56,67.0,10.0,2.2,0.0,200.0,0.0,0.01656716417910448,0.0,0.23223880597014926,0.6426735218508998,0.14138817480719795,0.0,2,Moderate
"GREEN GODDESS AVOCADO OIL DRESSING & MARINADE, GREEN GODDESS",0.0,40.0,3.33,400.0,0.0,0.0,600.0,0.0,0.0,0.0,0.1,0.008325,0.0,0.0,1.5,2,Moderate
COCONUT WATER + PASSION FRUIT,0.0,0.0,4.58,19.0,4.17,0.0,15.0,238.0,0.0,0.0,0.0,0.24105263157894738,0.9104803493449781,0.0,0.7894736842105263,1,Unhealthy
"ORIGINAL MONSTER GLUTEN-FREE MINI COOKIES, ORIGINAL MONSTER",10.0,23.33,53.33,433.0,33.33,3.3,233.0,257.0,50.0,0.023094688221709007,0.05387990762124711,0.12316397228637413,0.6249765610350647,0.06187886742921433,0.5381062355658198,2,Moderate
"Bread, multigrain, toasted",14.7,4.65,47.6,291.0,7.02,8.1,396.0,253.0,0.0,0.050515463917525774,0.01597938144329897,0.16357388316151203,0.14747899159663863,0.17016806722689073,1.3608247422680413,0,Healthy
KETCHUP,147.06,35.29,29.41,941.0,23.53,0.0,941.0,0.0,353.0,0.15628055260361318,0.037502656748140274,0.03125398512221041,0.8000680040802448,0.0,1.0,2,Unhealthy
MINI ASSORTED MACARONS,6.67,16.67,70.0,433.0,60.0,3.3,50.0,167.0,0.0,0.015404157043879908,0.038498845265588916,0.16166281755196305,0.8571428571428571,0.04714285714285714,0.11547344110854503,2,Unhealthy
"WHOLE GRAIN TOASTED WHEAT CEREAL, WHOLE GRAIN",12.5,2.5,80.0,400.0,0.0,12.5,0.0,475.0,0.0,0.03125,0.00625,0.2,0.0,0.15625,0.0,1,Healthy
"BBQ SRIRACHA WILD SALMON MEAL WITH BROCCOLI, BROWN RICE, RED QUINOA, BACON & SWEET AND SPICY BBQ SAUCE",9.41,3.82,17.35,144.0,6.47,1.5,232.0,226.0,26.0,0.06534722222222222,0.026527777777777775,0.12048611111111113,0.37291066282420743,0.08645533141210374,1.6111111111111112,2,Moderate
"PEANUT BUTTER COOKIE BITES CEREAL, PEANUT BUTTER",4.88,12.2,75.61,439.0,39.02,2.4,488.0,122.0,0.0,0.011116173120728929,0.02779043280182232,0.17223234624145786,0.5160693030022484,0.031741833090860996,1.111617312072893,2,Moderate
"CHOCOLATE FLAVORED SUGAR FREE PUDDING SNACK, CHOCOLATE",1.09,3.8,15.22,76.0,0.0,2.2,125.0,152.0,0.0,0.014342105263157896,0.049999999999999996,0.20026315789473684,0.0,0.1445466491458607,1.644736842105263,2,Healthy
DRY ROASTED PEANUTS,21.43,46.43,21.43,571.0,3.57,7.1,304.0,643.0,0.0,0.03753064798598949,0.08131348511383538,0.03753064798598949,0.1665888940737284,0.33131124591693883,0.532399299474606,2,Healthy
"ACAI BERRY POMEGRANATE ORGANIC LOW CALORIE ANTIOXIDANT RICH ENERGY DRINK, ACAI BERRY POMEGRANATE",0.28,0.0,5.35,11.0,1.97,0.0,20.0,18.0,0.0,0.025454545454545455,0.0,0.48636363636363633,0.3682242990654206,0.0,1.8181818181818181,2,Moderate
Larabar Lemon Bar Gluten-Free Snack Bars,8.89,22.22,53.33,444.0,35.56,6.7,11.0,667.0,0.0,0.020022522522522523,0.05004504504504504,0.12011261261261261,0.666791674479655,0.12563285205325334,0.024774774774774775,1,Moderate
ULTRA-PASTEURIZED LACTOSE FREE 2% REDUCED FAT MILK,3.75,2.08,5.0,54.0,5.0,0.0,54.0,175.0,8.0,0.06944444444444445,0.03851851851851852,0.09259259259259259,1.0,0.0,1.0,1,Unhealthy
"WORCESTERSHIRE SAUCE, WORCESTERSHIRE",0.0,0.0,20.0,100.0,20.0,0.0,1300.0,200.0,0.0,0.0,0.0,0.2,1.0,0.0,13.0,2,Unhealthy
"SUPERBERRIES WITH CHIA GRANOLA SMOOTHIE BOWL, SUPERBERRIES WITH CHIA",18.33,11.67,58.33,400.0,21.67,6.7,333.0,467.0,0.0,0.045825,0.029175,0.14582499999999998,0.37150694325390027,0.11486370649751415,0.8325,2,Healthy
WHITE TRUFFLE OIL,0.0,93.33,0.0,800.0,0.0,0.0,0.0,0.0,0.0,0.0,0.1166625,0.0,0.0,0.0,0.0,2,Healthy
"CHOCOLATE CHIP WHOLE GRAIN CRISPY SNACK BARS, CHOCOLATE CHIP",13.89,6.94,63.89,361.0,25.0,5.6,222.0,242.0,28.0,0.03847645429362881,0.01922437673130194,0.17698060941828256,0.39129754265143213,0.0876506495539208,0.6149584487534626,2,Moderate
ORGANIC WHOLE SUGAR FREE ULTRA-FILTERED MILK,3.33,3.33,0.0,46.0,0.0,0.0,42.0,71.0,12.0,0.07239130434782609,0.07239130434782609,0.0,0.0,0.0,0.9130434782608695,1,Healthy
Pillsbury Grands! Cinnamon Rolls with Strawberry and Cream Flavored Icing 5 Count,5.0,10.0,54.0,320.0,22.0,1.0,520.0,230.0,0.0,0.015625,0.03125,0.16875,0.4074074074074074,0.018518518518518517,1.625,2,Moderate
KETCHUP,0.0,0.0,29.41,118.0,23.53,0.0,882.0,312.0,0.0,0.0,0.0,0.24923728813559323,0.8000680040802448,0.0,7.47457627118644,1,Unhealthy
COMPLETE BANANA NUT BREAD,9.13,12.45,9.13,158.0,2.49,3.3,27.0,145.0,10.0,0.057784810126582285,0.07879746835443037,0.057784810126582285,0.2727272727272727,0.36144578313253006,0.17088607594936708,2,Healthy
Chicken Burger FC Gluten Free All Natural* With Grill Marks; Avg49/3.25 oz.,19.0,14.0,2.0,210.0,0.0,0.0,460.0,284.0,100.0,0.09047619047619047,0.06666666666666667,0.009523809523809525,0.0,0.0,2.1904761904761907,2,Moderate
"TOMATO KETCHUP, TOMATO",0.0,0.0,23.53,88.0,17.65,0.0,941.0,0.0,0.0,0.0,0.0,0.26738636363636364,0.7501062473438163,0.0,10.693181818181818,2,Unhealthy
"DISTINCTIVE EUROPEAN COOKIES COLLECTION WITH DELICIOUS DARK, MILK AND WHITE CHOCOLATE",5.45,27.27,63.64,509.0,34.55,1.8,109.0,180.0,9.0,0.010707269155206287,0.05357563850687623,0.1250294695481336,0.5428975487115022,0.028284098051539912,0.21414538310412573,2,Moderate
FULLY COOKED ROTINI READY PASTA,5.83,1.25,34.17,158.0,0.0,4.2,183.0,33.0,0.0,0.03689873417721519,0.007911392405063292,0.21626582278481013,0.0,0.12291483757682177,1.1582278481012658,1,Healthy
FLAMIN' HOT FLAVORED POTATO CHIPS,7.14,35.71,57.14,571.0,3.57,3.6,679.0,1214.0,0.0,0.012504378283712784,0.06253940455341506,0.10007005253940456,0.06247812390619531,0.06300315015750788,1.1891418563922942,2,Healthy
CUT ITALIAN GREEN BEANS,0.84,0.0,3.36,17.0,0.84,1.7,244.0,101.0,0.0,0.04941176470588235,0.0,0.1976470588235294,0.25,0.5059523809523809,14.352941176470589,1,Unhealthy
"CHICKEN SPICY ITALIAN-STYLE SMOKED SAUSAGE, CHICKEN SPICY ITALIAN-STYLE",17.86,12.5,5.36,188.0,1.79,1.8,732.0,259.0,89.0,0.095,0.06648936170212766,0.028510638297872343,0.333955223880597,0.33582089552238803,3.893617021276596,2,Unhealthy
15oz Raisins,1.0,0.0,32.0,120.0,26.0,2.0,10.0,300.0,0.0,0.008333333333333333,0.0,0.26666666666666666,0.8125,0.0625,0.08333333333333333,1,Moderate
PEELED BARTLETT PEAR HALVES IN HEAVY SYRUP,0.0,0.0,17.69,77.0,14.62,1.5,12.0,65.0,0.0,0.0,0.0,0.22974025974025974,0.826455624646693,0.08479366873940078,0.15584415584415584,2,Moderate
"AMERICAN PASTEURIZED PROCESS SLICED CHEESE, AMERICAN",15.79,31.58,5.26,368.0,5.26,0.0,1789.0,0.0,105.0,0.042907608695652175,0.08581521739130435,0.014293478260869564,1.0,0.0,4.861413043478261,2,Unhealthy
TOSTADA RASPADA REDONDA,7.14,21.43,71.43,500.0,0.0,7.1,714.0,143.0,0.0,0.01428,0.04286,0.14286000000000001,0.0,0.09939801203975919,1.428,1,Healthy
"LEMON PROTEIN BAR, LEMON",23.08,15.38,46.15,404.0,34.62,5.8,240.0,538.0,0.0,0.057128712871287124,0.03806930693069307,0.11423267326732672,0.7501625135427952,0.1256771397616468,0.594059405940594,1,Moderate
"HOT! FLAVORED CRISPY CRUNCHY FRIES POTATO SNACKS, HOT!",3.57,17.86,64.29,429.0,0.0,3.6,1393.0,607.0,0.0,0.008321678321678322,0.04163170163170163,0.14986013986013988,0.0,0.05599626691553896,3.247086247086247,2,Moderate
"CINNAMON BROWN SUGAR THICK & FLUFFY BELGIAN STYLE WAFFLES, CINNAMON BROWN SUGAR",3.64,12.73,45.45,309.0,18.18,1.8,455.0,55.0,9.0,0.011779935275080906,0.04119741100323625,0.1470873786407767,0.39999999999999997,0.039603960396039604,1.4724919093851132,2,Moderate
GOLD MEDAL SPARKLING CIDER,0.42,0.0,14.58,58.0,12.92,0.0,0.0,50.0,0.0,0.007241379310344827,0.0,0.2513793103448276,0.8861454046639232,0.0,0.0,1,Unhealthy
"ITALIAN STYLE NO SALT ADDED DICED TOMATOES, ITALIAN STYLE",0.81,0.41,4.07,24.0,2.44,0.8,12.0,187.0,0.0,0.03375,0.017083333333333332,0.16958333333333334,0.5995085995085995,0.19656019656019655,0.5,2,Moderate
"CREAM CHEESE WITH CHIVES & ONIONS, CHIVES & ONIONS",6.67,30.0,6.67,333.0,3.33,0.0,400.0,0.0,100.0,0.02003003003003003,0.09009009009009009,0.02003003003003003,0.4992503748125937,0.0,1.2012012012012012,2,Unhealthy
COUNTRY WHITE BREAD,7.5,2.5,50.0,250.0,7.5,2.5,500.0,100.0,0.0,0.03,0.01,0.2,0.15,0.05,2.0,2,Moderate
DICED YELLOW CLING PEACHES,0.0,0.0,15.93,62.0,15.04,0.9,4.0,27.0,0.0,0.0,0.0,0.25693548387096776,0.9441305712492153,0.05649717514124294,0.06451612903225806,2,Unhealthy
"MACARONI SALAD, MACARONI",7.86,21.43,42.14,393.0,5.0,1.4,457.0,220.0,29.0,0.02,0.05452926208651399,0.1072264631043257,0.11865211200759374,0.03322259136212624,1.1628498727735368,2,Healthy
SKINLESS & BONELESS SARDINES IN SRIRACHA SAUCE,18.33,10.0,1.67,167.0,0.83,0.8,317.0,175.0,47.0,0.10976047904191616,0.059880239520958084,0.01,0.49700598802395207,0.4790419161676647,1.8982035928143712,1,Healthy
"P.F. Chang's Home Menu Mongolian Style BBQ Sauce, 14.2 fl oz",2.86,0.0,31.43,129.0,25.71,0.0,1257.0,0.0,0.0,0.022170542635658912,0.0,0.24364341085271318,0.8180082723512568,0.0,9.744186046511627,2,Unhealthy
"DARK CHOCOLATE ALMONDMILK, DARK CHOCOLATE",0.42,0.83,7.92,42.0,7.08,0.4,92.0,54.0,0.0,0.01,0.019761904761904762,0.18857142857142856,0.8939393939393939,0.05050505050505051,2.1904761904761907,2,Unhealthy
"ARBORIO RICE, ARBORIO",6.67,0.0,77.78,356.0,0.0,0.0,0.0,0.0,0.0,0.018735955056179775,0.0,0.21848314606741573,0.0,0.0,0.0,1,Healthy
"MILK CHOCOLATE PROTEIN-RICH SHAKE, MILK CHOCOLATE",4.62,2.77,2.15,49.0,0.31,1.5,62.0,194.0,5.0,0.09428571428571429,0.05653061224489796,0.04387755102040816,0.14418604651162792,0.6976744186046512,1.2653061224489797,2,Healthy
"SKYR TRADITIONAL ICELANDIC WHOLE MILK YOGURT WITH WILDBERRIES, WILDBERRIES",12.0,6.0,8.0,133.0,4.67,0.0,37.0,147.0,27.0,0.09022556390977443,0.045112781954887216,0.06015037593984962,0.58375,0.0,0.2781954887218045,2,Moderate
"BELGIAN MINI CREAM PUFFS, BELGIAN",5.33,28.0,21.33,360.0,12.0,0.0,93.0,76.0,160.0,0.014805555555555556,0.07777777777777778,0.05925,0.5625879043600563,0.0,0.25833333333333336,2,Moderate
"LEMON FLAVORED KING CAKE, LEMON",3.51,10.53,73.68,404.0,42.11,0.0,263.0,53.0,9.0,0.008688118811881187,0.026064356435643563,0.1823762376237624,0.5715255157437568,0.0,0.650990099009901,2,Moderate
2/3 OZ CAN LOBSTER TAILS,16.96,0.89,0.0,80.0,0.0,0.0,429.0,200.0,125.0,0.21200000000000002,0.011125,0.0,0.0,0.0,5.3625,1,Unhealthy
"THREE CHEESE COMPLETE BISCUIT MIX, THREE CHEESE",8.11,18.92,56.76,432.0,2.7,2.7,1081.0,95.0,0.0,0.018773148148148146,0.0437962962962963,0.1313888888888889,0.04756871035940804,0.04756871035940804,2.502314814814815,2,Moderate
"VEGAN RANCH AVOCADO OIL DRESSING & MARINADE, VEGAN RANCH",0.0,46.67,3.33,433.0,0.0,0.0,733.0,220.0,0.0,0.0,0.10778290993071594,0.007690531177829099,0.0,0.0,1.6928406466512702,2,Moderate
"STRAWBERRY GELATIN DESSERT, STRAWBERRY",4.76,0.0,90.48,381.0,90.48,0.0,381.0,0.0,0.0,0.012493438320209974,0.0,0.23748031496062993,1.0,0.0,1.0,2,Unhealthy
"SMOOTHIE, WILD BERRY",3.38,0.21,13.92,72.0,13.08,0.4,21.0,63.0,2.0,0.04694444444444444,0.0029166666666666664,0.19333333333333333,0.9396551724137931,0.02873563218390805,0.2916666666666667,2,Unhealthy
"CHOCOLATE ICE CREAM WITH SWIRLS OF CHOCOLATE GANACHE SAUCE AND MILK CHOCOLATE SHARDS IN A CRACKING MILK CHOCOLATE SHELL, DOUBLE CHOCOLATE & GANACHE",4.39,21.05,29.82,316.0,25.44,1.8,66.0,307.0,31.0,0.013892405063291138,0.06661392405063292,0.09436708860759493,0.8531187122736419,0.060362173038229376,0.2088607594936709,2,Unhealthy
Mezco Old El Paso Carnitas Flavor Duo,1.76,1.16,14.04,73.0,4.5,1.4,1343.0,138.0,0.0,0.02410958904109589,0.01589041095890411,0.19232876712328767,0.32051282051282054,0.09971509971509972,18.397260273972602,2,Unhealthy
FAT FREE SOUR CREAM,3.33,0.0,10.0,67.0,6.67,0.0,100.0,217.0,0.0,0.04970149253731344,0.0,0.14925373134328357,0.667,0.0,1.492537313432836,2,Unhealthy
PEPPERMINT BARK CHOCOLATE SQUARES,5.71,37.14,57.14,571.0,54.29,2.9,57.0,286.0,14.0,0.01,0.06504378283712785,0.10007005253940456,0.9501225061253062,0.05075253762688134,0.09982486865148861,2,Unhealthy
"PUMPKIN CHAI BARS, PUMPKIN CHAI",25.0,20.0,42.5,450.0,27.5,2.5,400.0,250.0,12.0,0.05555555555555555,0.044444444444444446,0.09444444444444444,0.6470588235294118,0.058823529411764705,0.8888888888888888,2,Moderate
SPECIALTY NO. 40 MACARONI PRODUCT,11.11,1.85,75.93,370.0,3.7,3.7,0.0,222.0,0.0,0.030027027027027024,0.005,0.20521621621621625,0.04872909258527591,0.04872909258527591,0.0,1,Healthy
"QUESO FRESCO MEXICANO FRESH CHEESE, QUESO FRESCO MEXICANO",21.43,25.0,3.57,286.0,0.0,0.0,750.0,0.0,71.0,0.07493006993006993,0.08741258741258741,0.012482517482517481,0.0,0.0,2.6223776223776225,1,Moderate
AUSSIE STYLE YOGURT,6.17,4.41,14.98,123.0,14.54,0.4,46.0,137.0,18.0,0.05016260162601626,0.03585365853658537,0.12178861788617887,0.9706275033377836,0.0267022696929239,0.37398373983739835,2,Unhealthy
"ROASTED PINE NUT HUMMUS, ROASTED PINE NUT",7.14,21.43,14.29,286.0,0.0,3.6,464.0,250.0,0.0,0.024965034965034962,0.07493006993006993,0.04996503496503496,0.0,0.2519244226731981,1.6223776223776223,2,Healthy
Annie's Organic Shiitake Sesame Vinaigrette Dressing,3.45,44.83,3.45,414.0,0.0,0.0,897.0,0.0,0.0,0.008333333333333333,0.10828502415458936,0.008333333333333333,0.0,0.0,2.1666666666666665,2,Moderate
"SIGNATURE KITCHENS, SHARKS SNACKS, ASSORTED FRUIT",0.0,2.17,86.96,391.0,39.13,0.0,43.0,43.0,0.0,0.0,0.0055498721227621485,0.22240409207161124,0.4499770009199633,0.0,0.10997442455242967,2,Moderate
MOZZARELLA CHEESE & SEASONED SAUCE PIZZA BAGELS,10.94,4.69,32.81,219.0,4.69,1.6,422.0,203.0,8.0,0.04995433789954338,0.021415525114155252,0.14981735159817353,0.1429442243218531,0.0487656202377324,1.9269406392694064,2,Moderate
CREAMED SPINACH WITH ASIAGO CHEESE,3.28,6.56,5.74,90.0,1.64,0.0,377.0,218.0,25.0,0.03644444444444444,0.07288888888888888,0.06377777777777778,0.2857142857142857,0.0,4.188888888888889,2,Unhealthy
"CREAM OF CHICKEN CONDENSED SOUP, CREAM OF CHICKEN",1.6,6.4,8.0,96.0,0.8,0.0,696.0,144.0,8.0,0.016666666666666666,0.06666666666666667,0.08333333333333333,0.1,0.0,7.25,2,Unhealthy
"MINT DARK CHOCOLATE CHIP LIGHT ICE CREAM, MINT DARK CHOCOLATE CHIP",7.89,3.29,23.03,118.0,8.55,6.6,125.0,125.0,13.0,0.06686440677966102,0.02788135593220339,0.19516949152542373,0.3712548849326965,0.28658271819366044,1.0593220338983051,2,Healthy
PLM MMRNG BAN BLUE OAT 4PK 12.68OZ,2.22,0.56,17.78,78.0,8.89,2.2,6.0,184.0,0.0,0.028461538461538465,0.00717948717948718,0.22794871794871796,0.5,0.12373453318335208,0.07692307692307693,2,Healthy
WAVY ORIGINAL POTATO CHIPS,7.14,35.71,53.57,571.0,3.57,3.6,500.0,1250.0,0.0,0.012504378283712784,0.06253940455341506,0.09381786339754816,0.06664177711405637,0.06720179204778794,0.8756567425569177,1,Healthy
"SAM'S CHOICE, INSTANT OATMEAL, VANILLA BEAN & HONEY",18.42,3.95,68.42,368.0,31.58,5.3,500.0,276.0,0.0,0.05005434782608696,0.010733695652173914,0.18592391304347827,0.4615609470914937,0.07746273019584916,1.358695652173913,2,Moderate
ORGANIC BEET POWDER,10.0,0.0,60.0,350.0,30.0,20.0,0.0,3200.0,0.0,0.02857142857142857,0.0,0.17142857142857143,0.5,0.3333333333333333,0.0,1,Healthy
"SRIRACHA SPICE THAI RICE CHIPS, SRIRACHA SPICE",6.67,26.67,63.33,533.0,6.67,0.0,867.0,67.0,0.0,0.0125140712945591,0.0500375234521576,0.11881801125703564,0.10532133270172114,0.0,1.6266416510318948,2,Moderate
"TRADITIONAL MEDITERRANEAN EXTRA VIRGIN OLIVE OIL, TRADITIONAL MEDITERRANEAN",0.0,93.33,0.0,800.0,0.0,0.0,0.0,0.0,0.0,0.0,0.1166625,0.0,0.0,0.0,0.0,1,Healthy
"ROASTED PEPPER BRUSCHETTA, ROASTED PEPPER",0.0,20.0,6.67,200.0,3.33,3.3,900.0,0.0,0.0,0.0,0.1,0.03335,0.4992503748125937,0.4947526236881559,4.5,2,Unhealthy
"THIN CRISPY SAVORY CRACKERS, TRADITIONAL",10.0,13.33,73.33,467.0,3.33,3.3,1133.0,170.0,0.0,0.021413276231263382,0.02854389721627409,0.1570235546038544,0.045411155052502386,0.045002045547524884,2.4261241970021414,2,Moderate
"SPARTAN, CONFETTI CAKE MIX",2.56,7.69,79.49,410.0,46.15,2.6,667.0,56.0,0.0,0.006243902439024391,0.01875609756097561,0.19387804878048778,0.580576173103535,0.03270851679456536,1.6268292682926828,2,Unhealthy
"MINI BEEF RAVIOLI IN TOMATO & MEAT SAUCE, MINI BEEF",2.82,2.59,13.18,87.0,2.59,1.4,327.0,155.0,4.0,0.032413793103448274,0.029770114942528732,0.15149425287356322,0.19650986342943855,0.1062215477996965,3.7586206896551726,2,Unhealthy
"BUTTER POPCORN, BUTTER",10.71,28.57,57.14,536.0,0.0,10.7,607.0,214.0,36.0,0.01998134328358209,0.05330223880597015,0.1066044776119403,0.0,0.18725936296814838,1.132462686567164,2,Healthy
3/5 OZ SWAI FILLETS,18.75,0.89,0.0,89.0,0.0,0.0,98.0,0.0,71.0,0.21067415730337077,0.01,0.0,0.0,0.0,1.101123595505618,1,Healthy
"HOMESTYLE WAFFLES, HOMESTYLE",5.71,8.57,38.57,257.0,2.86,1.4,514.0,71.0,7.0,0.022217898832684824,0.03334630350194553,0.15007782101167316,0.07415089447757324,0.03629764065335753,2.0,2,Moderate
"Potato, baked, peel eaten, with sour cream",2.41,5.59,18.62,132.0,1.35,1.9,187.0,473.0,16.0,0.018257575757575757,0.04234848484848485,0.14106060606060608,0.07250268528464017,0.1020408163265306,1.4166666666666667,0,Healthy
HARD COOKED EGGS,13.64,9.09,0.0,136.0,0.0,0.0,136.0,136.0,375.0,0.10029411764705883,0.06683823529411764,0.0,0.0,0.0,1.0,1,Healthy
"PEACH PASSION FRUIT FLAVORED C-CHARGED FRUIT+YOGURT SMOOTHIE, PEACH PASSION FRUIT",2.42,1.21,14.98,82.0,13.04,0.0,41.0,135.0,5.0,0.029512195121951218,0.014756097560975609,0.1826829268292683,0.870493991989319,0.0,0.5,2,Unhealthy
ALOE SMOOTHIE GUANABANA,2.42,1.45,9.18,58.0,5.31,0.0,12.0,1.0,5.0,0.04172413793103448,0.024999999999999998,0.15827586206896552,0.5784313725490196,0.0,0.20689655172413793,1,Moderate
BANQUET Basic Chicken Finger With Mac And Cheese Meal,8.7,6.52,17.93,168.0,2.17,2.2,397.0,223.0,14.0,0.05178571428571428,0.03880952380952381,0.10672619047619047,0.12102621305075292,0.1226993865030675,2.363095238095238,2,Moderate
CUT GREEN BEANS,1.18,0.0,5.88,29.0,1.18,3.5,0.0,159.0,0.0,0.04068965517241379,0.0,0.20275862068965517,0.20068027210884354,0.5952380952380952,0.0,1,Healthy
CRUNCHY CHEESE-LESS PUFFS,14.29,32.14,42.86,500.0,0.0,10.7,607.0,1321.0,0.0,0.028579999999999998,0.06428,0.08572,0.0,0.24965002333177788,1.214,2,Healthy
DARK CHOCOLATE,6.67,30.0,63.33,533.0,53.33,6.7,0.0,233.0,0.0,0.0125140712945591,0.05628517823639775,0.11881801125703564,0.8420969524711827,0.1057950418443076,0.0,2,Moderate
WHOLE STRAWBERRIES,0.71,0.0,9.29,36.0,5.0,2.1,0.0,148.0,0.0,0.01972222222222222,0.0,0.25805555555555554,0.5382131324004307,0.22604951560818087,0.0,1,Healthy
MINI POTATO HASH BROWNS,1.18,11.76,21.18,188.0,1.18,2.4,518.0,318.0,0.0,0.006276595744680851,0.0625531914893617,0.11265957446808511,0.05571293673276676,0.11331444759206799,2.75531914893617,2,Moderate
LARGE ENRICHED ELBOW MACARONI PRODUCT,12.5,1.79,75.0,357.0,3.57,3.6,0.0,196.0,0.0,0.0350140056022409,0.005014005602240896,0.21008403361344538,0.047599999999999996,0.048,0.0,1,Healthy
"Coffee, Iced Latte, decaffeinated",1.75,1.01,2.82,27.0,2.53,0.0,23.0,102.0,4.0,0.06481481481481481,0.03740740740740741,0.10444444444444444,0.8971631205673759,0.0,0.8518518518518519,0,Unhealthy
"BUTTERY-DELICIOUS HARD CANDIES, BUTTERSCOTCH",0.0,0.0,94.44,389.0,72.22,0.0,278.0,0.0,0.0,0.0,0.0,0.24277634961439587,0.7647183396865735,0.0,0.7146529562982005,2,Unhealthy
"CHOCOLATE SENSATION HIGH PROTEIN COMPLETE NUTRITIONAL DRINK, CHOCOLATE SENSATION",6.33,2.53,13.92,101.0,6.33,0.0,84.0,190.0,4.0,0.06267326732673267,0.025049504950495047,0.13782178217821783,0.45474137931034486,0.0,0.8316831683168316,2,Moderate
"MILD MANGO PEACH SALSA, MILD MANGO PEACH",0.0,0.0,10.0,50.0,6.67,0.0,433.0,237.0,0.0,0.0,0.0,0.2,0.667,0.0,8.66,2,Unhealthy
"Snyder's of Hanover Pretzels, Rounds, Sea Salt, 3.5 Oz",10.71,7.14,75.0,393.0,3.57,3.6,750.0,0.0,0.0,0.027251908396946568,0.01816793893129771,0.19083969465648856,0.047599999999999996,0.048,1.9083969465648856,2,Moderate
PACIFIC NORTHWEST PREMIUM KIDNEY BEANS,6.15,0.0,16.15,85.0,0.77,6.9,108.0,369.0,0.0,0.07235294117647059,0.0,0.18999999999999997,0.0476780185758514,0.4272445820433437,1.2705882352941176,1,Healthy
"TRIPLE BERRY BLEND ORGANIC STRAWBERRIES, BLACKBERRIES & BLUEBERRIES, TRIPLE BERRY BLEND",0.71,0.36,12.14,57.0,7.86,3.6,0.0,114.0,0.0,0.012456140350877193,0.00631578947368421,0.21298245614035088,0.6474464579901154,0.29654036243822074,0.0,1,Healthy
"CRISPY RICE CEREAL, CRISPY RICE",7.32,1.22,87.8,390.0,9.76,0.0,585.0,98.0,0.0,0.01876923076923077,0.003128205128205128,0.2251282051282051,0.1111617312072893,0.0,1.5,2,Moderate
"CLASSIC ONION SOUP MIX, CLASSIC ONION",14.29,0.0,57.14,286.0,14.29,14.3,8143.0,0.0,0.0,0.04996503496503496,0.0,0.19979020979020978,0.25008750437521876,0.2502625131256563,28.472027972027973,2,Unhealthy
"COCONUT SPICE GRANOLA, COCONUT SPICE",10.0,26.67,56.67,500.0,16.67,6.7,250.0,383.0,0.0,0.02,0.053340000000000005,0.11334000000000001,0.2941591671078172,0.11822833950944062,0.5,2,Healthy
"SPICY HONEY BBQ FLAVORED POTATO CHIPS, SPICY HONEY BBQ",7.14,32.14,57.14,536.0,3.57,3.6,250.0,1236.0,0.0,0.01332089552238806,0.05996268656716418,0.1066044776119403,0.06247812390619531,0.06300315015750788,0.4664179104477612,2,Healthy
"CHOCOLATEY, SWEETENED RICE CEREAL, CHOCOLATEY, SWEETENED",5.0,2.5,87.5,400.0,37.5,0.0,375.0,150.0,0.0,0.0125,0.00625,0.21875,0.42857142857142855,0.0,0.9375,2,Moderate
"BANQUET Cheesy Smothered Patty, 7.1 OZ",5.97,7.96,10.45,139.0,1.49,1.5,537.0,209.0,15.0,0.042949640287769784,0.05726618705035971,0.07517985611510791,0.14258373205741628,0.14354066985645933,3.8633093525179856,2,Unhealthy
SPINACH,2.35,0.0,3.53,24.0,0.0,2.4,76.0,553.0,0.0,0.09791666666666667,0.0,0.14708333333333332,0.0,0.6798866855524079,3.1666666666666665,1,Healthy
"Cereals, oats, instant, fortified, maple and brown sugar, dry",9.25,4.73,76.67,386.0,30.28,7.2,505.0,361.0,0.0,0.023963730569948185,0.012253886010362695,0.19862694300518136,0.39493935046302336,0.09390896047997913,1.3082901554404145,0,Moderate
HALF & HALF,3.33,10.0,3.33,133.0,3.33,0.0,50.0,133.0,50.0,0.025037593984962407,0.07518796992481203,0.025037593984962407,1.0,0.0,0.37593984962406013,1,Unhealthy
"TOASTED OATS CEREAL, TOASTED OATS",10.53,6.58,73.68,395.0,2.63,10.5,526.0,368.0,0.0,0.026658227848101266,0.016658227848101267,0.18653164556962026,0.03569489685124864,0.14250814332247555,1.3316455696202532,2,Healthy
"CHOCOLATE COVERED CARAMELS, CHOCOLATE",3.33,16.67,53.33,367.0,46.67,0.0,733.0,207.0,33.0,0.009073569482288829,0.045422343324250686,0.1453133514986376,0.8751171948246766,0.0,1.997275204359673,2,Unhealthy
Progresso Chick Peas,4.0,1.0,17.0,90.0,1.0,5.0,240.0,260.0,0.0,0.044444444444444446,0.011111111111111112,0.18888888888888888,0.058823529411764705,0.29411764705882354,2.6666666666666665,2,Healthy
"ENRICHED MACARONI PRODUCT, POT SIZE ANGEL HAIR",12.5,1.79,75.0,357.0,3.57,3.6,0.0,214.0,0.0,0.0350140056022409,0.005014005602240896,0.21008403361344538,0.047599999999999996,0.048,0.0,1,Healthy
"WEIS, MILK DIPS, SANDWICH COOKIES, DOUBLE FILLED PEANUT BUTTER, DOUBLE FILLED PEANUT BUTTER",6.67,20.0,73.33,500.0,43.33,3.3,533.0,167.0,0.0,0.01334,0.04,0.14665999999999998,0.590890495022501,0.045002045547524884,1.066,2,Unhealthy
QUICK 5-MINUTE GRITS,8.11,1.35,78.38,351.0,2.7,5.4,0.0,135.0,0.0,0.023105413105413104,0.0038461538461538464,0.2233048433048433,0.03444756315386579,0.06889512630773158,0.0,1,Healthy
CASHEW BUTTER,20.0,53.33,30.0,667.0,6.67,3.3,0.0,667.0,0.0,0.029985007496251874,0.07995502248875562,0.044977511244377814,0.22233333333333333,0.11,0.0,1,Healthy
"OVEN ROASTED CHICKEN BREAST, ROASTED CHICKEN",18.18,2.73,0.0,91.0,0.0,0.0,782.0,284.0,64.0,0.1997802197802198,0.03,0.0,0.0,0.0,8.593406593406593,1,Unhealthy
"KETO SERIES CARAMEL BUTTER PECAN FROZEN DESSERT, CARAMEL; BUTTER; PECAN",6.9,13.79,17.24,172.0,1.15,5.7,230.0,103.0,52.0,0.040116279069767447,0.08017441860465116,0.10023255813953487,0.06670533642691416,0.33062645011600933,1.3372093023255813,2,Healthy
"PUMPKIN & SPINACH BURGER, PUMPKIN & SPINACH",4.0,14.67,38.67,293.0,2.67,2.7,387.0,133.0,0.0,0.013651877133105802,0.05006825938566553,0.13197952218430034,0.06904577191621411,0.06982156710628394,1.3208191126279865,2,Healthy
"PEANUT BUTTER CHOCOLATE ORGANIC PLANT-BASED PERFORMANCE PROTEIN BAR, PEANUT BUTTER CHOCOLATE",26.67,13.33,48.0,373.0,10.67,12.0,253.0,213.0,0.0,0.07150134048257373,0.0357372654155496,0.128686327077748,0.22229166666666667,0.25,0.67828418230563,2,Healthy
LEAN BAR,30.0,12.0,48.0,360.0,18.0,20.0,360.0,320.0,0.0,0.08333333333333333,0.03333333333333333,0.13333333333333333,0.375,0.4166666666666667,1.0,2,Healthy
"Brakebush Southern-Style Breaded Filets, Par-Fried, Fritter, Chicken-Fried-Chicken, 5.3 oz.",13.0,8.0,17.0,200.0,1.0,0.0,450.0,209.0,35.0,0.065,0.04,0.085,0.058823529411764705,0.0,2.25,2,Moderate
LOW SODIUM CANNELLINI BEANS,6.15,0.0,15.38,85.0,0.77,6.2,69.0,354.0,0.0,0.07235294117647059,0.0,0.18094117647058824,0.05006501950585175,0.40312093628088425,0.8117647058823529,1,Healthy
THAI JASMINE RICE,6.67,0.0,80.0,356.0,0.0,0.0,0.0,0.0,0.0,0.018735955056179775,0.0,0.2247191011235955,0.0,0.0,0.0,1,Healthy
TEXAS TRUE BARBECUE SAUCE,0.0,0.0,25.0,78.0,15.62,0.0,250.0,250.0,0.0,0.0,0.0,0.32051282051282054,0.6248,0.0,3.2051282051282053,2,Unhealthy
"MAPLE PECAN YOGURT PRETZELS, MAPLE PECAN",3.33,20.0,73.33,467.0,46.67,0.0,317.0,57.0,0.0,0.0071306209850107065,0.042826552462526764,0.1570235546038544,0.6364380199099959,0.0,0.6788008565310493,2,Unhealthy
"ORGANIC SWEETENER, MAPLE",0.0,0.0,76.19,286.0,76.19,0.0,0.0,0.0,0.0,0.0,0.0,0.2663986013986014,1.0,0.0,0.0,1,Unhealthy
PREMIUM ORGANIC BLUEBERRIES,0.71,0.71,12.14,57.0,8.57,2.9,0.0,0.0,0.0,0.012456140350877193,0.012456140350877193,0.21298245614035088,0.7059308072487644,0.2388797364085667,0.0,1,Moderate
"WHITE BAKING CHIPS, WHITE",6.67,23.33,73.33,533.0,73.33,0.0,67.0,180.0,0.0,0.0125140712945591,0.043771106941838646,0.1375797373358349,1.0,0.0,0.12570356472795496,2,Unhealthy
"Slim Jim Giant Sized Hot AF Meat Stick, 0.97 oz. Meat Snacks",21.82,36.36,18.18,473.0,3.64,3.6,1491.0,473.0,109.0,0.04613107822410148,0.07687103594080338,0.03843551797040169,0.20022002200220024,0.19801980198019803,3.1522198731501057,2,Moderate
"VEGETABLE LASAGNA PASTA LAYERED WITH CHEESE, TOMATO & BELL PEPPER SAUCES, SPINACH, CORN & MUSHROOMS, VEGETABLE",4.17,3.7,15.74,116.0,3.24,0.5,356.0,97.0,12.0,0.03594827586206897,0.03189655172413793,0.1356896551724138,0.20584498094027956,0.03176620076238882,3.0689655172413794,2,Unhealthy
"NACHO CHEESE SAUCE, NACHO",1.61,9.68,8.06,129.0,0.0,0.0,903.0,0.0,8.0,0.012480620155038761,0.07503875968992248,0.06248062015503876,0.0,0.0,7.0,2,Unhealthy
"YOU LOVE FRUIT, HANDMADE FRUIT LEATHER, MANGO COCONUT",7.14,7.14,64.29,357.0,42.86,14.3,18.0,0.0,0.0,0.02,0.02,0.18008403361344538,0.6666666666666666,0.22242961580339088,0.05042016806722689,2,Moderate
"MINT FROZEN DAIRY DESSERT, MINT",2.38,10.71,36.9,250.0,27.38,1.2,89.0,274.0,18.0,0.009519999999999999,0.04284,0.14759999999999998,0.7420054200542006,0.032520325203252036,0.356,2,Unhealthy
Kellogg's Pop-Tarts Frosted Strawberry Bites 28.2oz,3.1,8.1,74.1,378.0,42.4,1.9,395.0,53.0,0.0,0.008201058201058202,0.02142857142857143,0.19603174603174603,0.572199730094467,0.02564102564102564,1.0449735449735449,2,Unhealthy
PURE COCONUT WATER,0.0,0.0,5.0,21.0,5.0,0.0,21.0,200.0,0.0,0.0,0.0,0.23809523809523808,1.0,0.0,1.0,1,Unhealthy
"BREAD & BUTTER CHIPS, BREAD & BUTTER",0.0,0.0,7.14,36.0,7.14,0.0,607.0,0.0,0.0,0.0,0.0,0.19833333333333333,1.0,0.0,16.86111111111111,2,Unhealthy
Progresso Cannellini White Kidney Beans,5.0,0.0,15.0,80.0,1.0,6.0,230.0,320.0,0.0,0.0625,0.0,0.1875,0.06666666666666667,0.4,2.875,2,Healthy
"French Toast Sticks, Whole Grain, 2 Pack",7.06,8.24,44.71,282.0,14.12,2.4,306.0,59.0,12.0,0.0250354609929078,0.02921985815602837,0.15854609929078015,0.3158130172220979,0.053679266383359424,1.0851063829787233,2,Moderate
PREMIUM ORGANIC GARDEN PEAS,5.49,0.0,13.19,77.0,4.4,4.4,0.0,154.0,0.0,0.0712987012987013,0.0,0.17129870129870128,0.33358605003790753,0.33358605003790753,0.0,1,Healthy
"R.W. KNUDSEN, NATURAL SIMPLY NUTRITIOUS VITAJUICE 100% JUICE",0.42,0.0,12.92,54.0,10.42,0.4,6.0,138.0,0.0,0.0077777777777777776,0.0,0.23925925925925925,0.8065015479876161,0.030959752321981428,0.1111111111111111,2,Moderate
"STONYFIELD ORGANIC, ORGANIC TRILAYER YOGURT, PUMPKIN SPICE",4.12,4.12,15.29,118.0,14.12,0.6,62.0,206.0,18.0,0.03491525423728813,0.03491525423728813,0.12957627118644066,0.9234793982995422,0.039241334205362986,0.5254237288135594,2,Unhealthy
"NEW ENGLAND STYLE HOT DOG ROLLS, NEW ENGLAND STYLE",7.69,2.56,51.28,282.0,5.13,2.6,436.0,90.0,0.0,0.02726950354609929,0.009078014184397163,0.18184397163120566,0.1000390015600624,0.05070202808112324,1.5460992907801419,2,Healthy
1% LOW FAT MILK,3.33,1.04,5.42,46.0,5.0,0.0,54.0,117.0,4.0,0.07239130434782609,0.022608695652173914,0.11782608695652173,0.922509225092251,0.0,1.173913043478261,1,Unhealthy
Whole Grain Chocolate Chip Cookie,5.77,13.46,61.54,385.0,34.62,3.8,212.0,135.0,29.0,0.014987012987012986,0.034961038961038964,0.15984415584415584,0.5625609359766005,0.06174845628859278,0.5506493506493506,2,Moderate
EASY MACARONI & CHEESE DINNER,10.34,6.9,68.97,397.0,10.34,1.7,759.0,379.0,0.0,0.026045340050377834,0.017380352644836273,0.173727959697733,0.14992025518341306,0.02464839785413948,1.9118387909319898,2,Moderate
"Cape Cod Potato Chips, Sea Salt and Vinegar Kettle Cooked Chips, 5 Oz",7.14,25.0,60.71,500.0,0.0,3.6,821.0,1107.0,0.0,0.01428,0.05,0.12142,0.0,0.05929830340965245,1.642,2,Healthy
"SHARP YELLOW CHEDDAR CHEESE STICKS, SHARP YELLOW",23.81,33.33,0.0,429.0,0.0,0.0,619.0,0.0,95.0,0.055501165501165496,0.07769230769230769,0.0,0.0,0.0,1.442890442890443,2,Healthy
"STRAWBERRY CREAM CHEESE FRUIT DIP, STRAWBERRY CREAM CHEESE",0.0,9.09,24.24,182.0,21.21,0.0,288.0,0.0,30.0,0.0,0.04994505494505495,0.1331868131868132,0.8750000000000001,0.0,1.5824175824175823,2,Unhealthy
PEAR HALVES IN HEAVY SYRUP,0.0,0.0,19.23,77.0,14.62,1.5,8.0,62.0,0.0,0.0,0.0,0.24974025974025973,0.7602704108164327,0.078003120124805,0.1038961038961039,2,Moderate
"LAY'S, CLASSIC POTATO CHIPS, LIGHTLY SALTED, LIGHTLY SALTED",7.14,35.71,57.14,571.0,3.57,3.6,304.0,1250.0,0.0,0.012504378283712784,0.06253940455341506,0.10007005253940456,0.06247812390619531,0.06300315015750788,0.532399299474606,1,Healthy
BLUEBERRY SOFT BAKED BREAKFAST BARS,5.41,9.46,67.57,351.0,35.14,2.7,351.0,216.0,0.0,0.015413105413105414,0.026951566951566953,0.19250712250712249,0.5200532780819891,0.0399585614917863,1.0,2,Moderate
"SHARP CHEDDAR FINELY SHREDDED CHEESE, SHARP CHEDDAR",25.0,32.14,3.57,393.0,0.0,0.0,643.0,89.0,89.0,0.06361323155216285,0.08178117048346056,0.009083969465648855,0.0,0.0,1.6361323155216285,2,Healthy
"SOUTHWESTERN CORN CHOWDER, SOUTHWESTERN",0.88,1.98,7.27,46.0,1.32,1.1,126.0,143.0,0.0,0.019130434782608695,0.043043478260869565,0.15804347826086956,0.1815680880330124,0.15130674002751035,2.739130434782609,2,Moderate
"GREAT VALUE, ORGANIC SOYMILK, VANILLA",2.5,1.46,3.75,38.0,2.5,0.8,44.0,92.0,0.0,0.06578947368421052,0.038421052631578946,0.09868421052631579,0.6666666666666666,0.21333333333333335,1.1578947368421053,2,Moderate
CITRUS GARLIC HERB GREEN BEANS,1.82,7.27,6.36,91.0,3.64,2.7,50.0,199.0,18.0,0.02,0.07989010989010989,0.0698901098901099,0.5723270440251572,0.42452830188679247,0.5494505494505495,2,Healthy
"V8 +Energy Pomegranate Blueberry Juice Energy Drink, 8 fl oz Can",0.0,0.0,4.98,21.0,4.15,0.0,25.0,58.0,0.0,0.0,0.0,0.23714285714285716,0.8333333333333334,0.0,1.1904761904761905,2,Unhealthy
"CHEF BOYARDEE, BEEFARONI, PASTA IN TOMATO AND MEAT SAUCE, CHEF BOYARDEE, BEEFARONI, PASTA IN TOMATO AND MEAT SAUCE",3.54,3.54,13.13,101.0,2.53,1.0,303.0,227.0,8.0,0.03504950495049505,0.03504950495049505,0.13,0.19268849961919265,0.07616146230007616,3.0,2,Moderate
"CHICKEN BROTH, CHICKEN",0.42,0.0,0.0,2.0,0.0,0.0,233.0,0.0,0.0,0.21,0.0,0.0,0.0,0.0,116.5,2,Unhealthy
"LITTLE DEBBIE, REAL FRUIT FILLING PIE, CHERRY",2.65,15.93,54.87,372.0,29.2,0.9,354.0,80.0,0.0,0.007123655913978494,0.04282258064516129,0.1475,0.5321669400400948,0.016402405686167305,0.9516129032258065,2,Moderate
"SPIRALIZED BUTTERNUT SQUASH NOODLES, BUTTERNUT SQUASH",0.77,0.0,11.54,46.0,2.31,2.3,4.0,352.0,0.0,0.01673913043478261,0.0,0.2508695652173913,0.20017331022530332,0.19930675909878684,0.08695652173913043,1,Healthy
"CRANBERRY APPLE FLAVORED JUICE COCKTAIL FROM CONCENTRATE, CRANBERRY APPLE",0.0,0.0,17.5,67.0,17.08,0.0,15.0,29.0,0.0,0.0,0.0,0.26119402985074625,0.9759999999999999,0.0,0.22388059701492538,2,Unhealthy
"GINGERBREAD ICE CREAM WRAPPED IN SWEET  MOCHI, GINGERBREAD",2.86,7.14,42.86,257.0,28.57,0.0,57.0,123.0,29.0,0.0111284046692607,0.027782101167315172,0.1667704280155642,0.6665888940737285,0.0,0.22178988326848248,2,Moderate
"COTIJA SHARP & CRUMBLY CHEESE, COTIJA",28.57,28.57,7.14,393.0,0.0,0.0,1929.0,0.0,107.0,0.0726972010178117,0.0726972010178117,0.01816793893129771,0.0,0.0,4.908396946564886,1,Unhealthy
TRADITIONAL BILTONG BEEF AIR-DRIED SLICES,54.39,8.77,1.75,316.0,0.0,0.0,1228.0,789.0,140.0,0.17212025316455695,0.027753164556962025,0.005537974683544304,0.0,0.0,3.8860759493670884,2,Moderate
"DEL MONTE, HEALTHY KIDS PEACH CHUNKS",0.0,0.0,12.9,48.0,10.48,0.8,4.0,81.0,0.0,0.0,0.0,0.26875,0.8124031007751938,0.06201550387596899,0.08333333333333333,2,Moderate
"WHEAT SPLIT TOP BREAD, WHEAT",10.71,3.57,46.43,250.0,3.57,3.6,500.0,107.0,0.0,0.04284,0.01428,0.18572,0.07688994184794314,0.07753607581305191,2.0,2,Moderate
"ICING DECORATIONS, SANTA & REINDEER",0.0,0.0,92.31,308.0,92.31,0.0,0.0,0.0,0.0,0.0,0.0,0.2997077922077922,1.0,0.0,0.0,2,Unhealthy
"CRANBERRY APRICOT MINI BISCOTTI WITH WHITE CHOCOLATY DRIZZLE, CRANBERRY APRICOT",7.69,13.46,69.23,423.0,34.62,3.8,269.0,0.0,77.0,0.018179669030732863,0.03182033096926714,0.16366430260047282,0.5000722230247002,0.05488949877220858,0.6359338061465721,2,Moderate
"GONZALEZ, CHOCOLATE CREMES!",5.88,20.59,70.59,471.0,38.24,2.9,471.0,162.0,0.0,0.012484076433121018,0.043715498938428875,0.14987261146496816,0.5417197903385749,0.04108230627567644,1.0,2,Moderate
"CHOCOLATE CARAMEL FLAVORED PROTEIN MEAL BARS, CHOCOLATE CARAMEL",26.67,10.0,51.11,378.0,31.11,6.7,444.0,156.0,0.0,0.07055555555555557,0.026455026455026454,0.1352116402116402,0.6086871453727255,0.13108980630013697,1.1746031746031746,2,Moderate
"LIQUORICE, GOURMET BLACK",3.45,1.72,68.97,310.0,34.48,0.0,86.0,172.0,0.0,0.011129032258064516,0.005548387096774194,0.22248387096774194,0.49992750471219366,0.0,0.27741935483870966,2,Moderate
"SMOKED HONEY TURKEY BREAST, SMOKED HONEY",16.07,1.79,5.36,107.0,5.36,0.0,1071.0,250.0,45.0,0.15018691588785046,0.016728971962616822,0.05009345794392524,1.0,0.0,10.009345794392523,2,Unhealthy
"MILD CASERA STYLE SALSA ROJA, MILD CASERA STYLE",0.0,0.0,5.88,29.0,2.94,2.9,706.0,206.0,0.0,0.0,0.0,0.20275862068965517,0.5,0.4931972789115646,24.344827586206897,1,Unhealthy
"LEMONADE FROM CONCENTRATE, LEMON",0.0,0.0,10.83,46.0,10.83,0.0,4.0,1.0,0.0,0.0,0.0,0.23543478260869566,1.0,0.0,0.08695652173913043,1,Unhealthy
"TENDER BEEF STEAK & PORTABELLA MUSHROOMS IN A SAVORY BEEF SAUCE WITH BROCCOLI, STEAK PORTABELLA",8.49,2.36,5.19,75.0,0.94,1.4,269.0,198.0,14.0,0.11320000000000001,0.031466666666666664,0.06920000000000001,0.18111753371868977,0.26974951830443156,3.5866666666666664,2,Moderate
BUTTERFLY PASTRIES,7.41,25.93,62.96,519.0,14.81,3.7,556.0,0.0,0.0,0.014277456647398844,0.04996146435452794,0.1213102119460501,0.2352287166454892,0.05876747141041932,1.071290944123314,2,Moderate
"Lamb, New Zealand, imported, neck chops, separable lean only, cooked, braised",31.4,15.36,0.0,264.0,0.0,0.0,97.0,289.0,121.0,0.11893939393939393,0.05818181818181818,0.0,0.0,0.0,0.36742424242424243,0,Healthy
"99% FAT FREE ORIGINAL LOWFAT YOGURT, STRAWBERRY",2.94,0.88,17.65,94.0,15.29,0.0,50.0,153.0,3.0,0.03127659574468085,0.009361702127659575,0.1877659574468085,0.8662889518413598,0.0,0.5319148936170213,2,Unhealthy
"UNSWEETENED ORGANIC ALMOND MALK, UNSWEETENED",1.77,3.98,0.88,44.0,0.44,0.4,33.0,54.0,0.0,0.04022727272727273,0.09045454545454545,0.02,0.5,0.4545454545454546,0.75,1,Healthy
"SUPER GRAIN BARS, BLUEBERRY VANILLA",5.88,4.41,79.41,382.0,14.71,5.9,206.0,221.0,0.0,0.015392670157068062,0.011544502617801048,0.20787958115183244,0.18524115350711498,0.07429794736179324,0.5392670157068062,2,Healthy
EDAMAME,10.57,4.85,13.66,150.0,2.2,3.5,389.0,46.0,0.0,0.07046666666666666,0.03233333333333333,0.09106666666666667,0.16105417276720352,0.2562225475841874,2.5933333333333333,1,Healthy
JALAPENO PEPPERS,0.0,0.0,7.14,36.0,3.57,3.6,0.0,250.0,0.0,0.0,0.0,0.19833333333333333,0.5,0.5042016806722689,0.0,1,Healthy
"365 EVERYDAY VALUE, MANGO LEMO0NADE",0.0,0.0,8.75,33.0,8.75,0.0,15.0,12.0,0.0,0.0,0.0,0.26515151515151514,1.0,0.0,0.45454545454545453,2,Unhealthy
"CINNAMON SWEETENED RICE CEREAL, CINNAMON",5.36,8.93,80.36,411.0,21.43,3.6,607.0,152.0,0.0,0.013041362530413625,0.021727493917274937,0.19552311435523115,0.266674962667994,0.04479840716774515,1.4768856447688565,2,Moderate
LOW-FAT GREEK YOGURT,8.0,6.67,16.67,153.0,14.0,1.3,80.0,147.0,10.0,0.05228758169934641,0.04359477124183007,0.10895424836601308,0.8398320335932813,0.07798440311937611,0.5228758169934641,2,Unhealthy
RAW WALNUTS HALVES & PIECES,16.67,66.67,13.33,0.0,3.33,6.7,0.0,433.0,0.0,0.0,0.0,0.0,0.24981245311327832,0.5026256564141035,0.0,1,Healthy
"HAZELNUT BUTTER FILLED MYLK CHOCOLATE BAR, HAZELNUT BUTTER",10.71,46.43,39.29,536.0,25.0,7.1,321.0,679.0,0.0,0.01998134328358209,0.0866231343283582,0.07330223880597014,0.6362942224484602,0.1807075591753627,0.5988805970149254,1,Moderate
"GARLIC & HERB SIERRA JACK CHEESE, GARLIC & HERB",25.0,28.57,0.0,357.0,0.0,0.0,571.0,121.0,89.0,0.0700280112044818,0.08002801120448179,0.0,0.0,0.0,1.5994397759103642,1,Healthy
"NABISCO, NUTTER BUTTER, PEANUT BUTTER SANDWICH COOKIES BITES",6.67,20.0,70.0,500.0,30.0,3.3,400.0,167.0,0.0,0.01334,0.04,0.14,0.42857142857142855,0.04714285714285714,0.8,2,Moderate
ORGANIC CACO NIBS,0.0,50.0,33.33,667.0,0.0,33.3,0.0,1533.0,0.0,0.0,0.07496251874062969,0.049970014992503746,0.0,0.9990999099909991,0.0,1,Healthy
STRING CHEESE MOZZARELLA CHEESE SNACKS,25.0,17.86,3.57,286.0,3.57,0.0,643.0,0.0,71.0,0.08741258741258741,0.06244755244755244,0.012482517482517481,1.0,0.0,2.2482517482517483,1,Unhealthy
"XXX-SHARP CHEDDAR NEW YORK STATE CHEESE, XXX-SHARP CHEDDAR",24.73,35.34,0.0,389.0,0.0,0.0,671.0,71.0,106.0,0.063573264781491,0.0908483290488432,0.0,0.0,0.0,1.724935732647815,1,Moderate
SLICED POUND CAKE,4.44,15.56,44.44,333.0,24.44,0.0,144.0,109.0,44.0,0.013333333333333334,0.04672672672672673,0.13345345345345344,0.54995499549955,0.0,0.43243243243243246,2,Moderate
SWISS PREMIUM BITTERSWEET CHOCOLATE,6.67,33.33,60.0,533.0,50.0,0.0,0.0,383.0,0.0,0.0125140712945591,0.06253283302063789,0.1125703564727955,0.8333333333333334,0.0,0.0,2,Unhealthy
"CLASSIC CHICKEN & NOODLES CHICKEN BREAST WITH FRESHLY MADE NOODLES IN A CREAMY SAUCE WITH VEGETABLES COMPLETE MEALS, CLASSIC CHICKEN & NOODLES",7.0,2.0,10.33,90.0,0.67,1.3,153.0,187.0,10.0,0.07777777777777778,0.022222222222222223,0.11477777777777778,0.06485963213939981,0.12584704743465636,1.7,2,Healthy
"ITALIAN STYLE POWER BLEND OF WHOLE GRAINS, LENTILS, SPINACH, BROCCOLI WITH WHITE BEANS AND GARLIC PARMESAN SAUCE, ITALIAN STYLE",5.52,2.15,20.86,123.0,0.92,4.9,209.0,230.0,2.0,0.0448780487804878,0.017479674796747967,0.16959349593495934,0.04410354745925216,0.23489932885906042,1.6991869918699187,2,Healthy
"UNSALTED CULTURED BUTTER, UNSALTED",0.0,78.57,0.0,714.0,0.0,0.0,0.0,21.0,214.0,0.0,0.11004201680672268,0.0,0.0,0.0,0.0,1,Healthy
"MUHAMMARA RED PEPPER & WALNUT DIP, MUHAMMARA RED PEPPER & WALNUT",3.33,13.33,13.33,200.0,6.67,3.3,700.0,233.0,0.0,0.01665,0.06665,0.06665,0.5003750937734434,0.24756189047261815,3.5,2,Unhealthy
ORGANIC ROASTED & PEELED WHOLE CHESTNUTS,5.0,2.5,42.5,225.0,10.0,5.0,0.0,325.0,0.0,0.022222222222222223,0.011111111111111112,0.18888888888888888,0.23529411764705882,0.11764705882352941,0.0,1,Healthy
"HONEY MUSTARD DRESSING + DIP, HONEY MUSTARD",0.0,43.33,20.0,467.0,16.67,0.0,667.0,0.0,33.0,0.0,0.09278372591006423,0.042826552462526764,0.8335000000000001,0.0,1.4282655246252676,2,Unhealthy
FROSTED FLAKES TOASTED SWEETENED CORN CEREAL,3.45,0.0,89.66,379.0,34.48,3.4,397.0,69.0,0.0,0.009102902374670185,0.0,0.23656992084432718,0.38456390809725627,0.037921035021191166,1.0474934036939314,2,Moderate
PINE NUTS,11.11,61.11,19.44,639.0,0.0,11.1,69.0,639.0,0.0,0.01738654147104851,0.09563380281690141,0.030422535211267608,0.0,0.5709876543209876,0.107981220657277,1,Healthy
"365 EVERYDAY VALUE, COUSCOUS, GARLIC & OLIVE OIL, GARLIC & OLIVE OIL",11.54,1.92,75.0,365.0,5.77,3.8,923.0,221.0,0.0,0.03161643835616438,0.00526027397260274,0.2054794520547945,0.07693333333333333,0.050666666666666665,2.5287671232876714,2,Moderate
Tyson Plant Based Tenders,11.28,16.99,18.09,270.0,0.41,3.8,554.0,367.0,0.0,0.041777777777777775,0.06292592592592593,0.067,0.022664455500276393,0.21006080707573244,2.051851851851852,2,Healthy
PINTO BEANS,4.76,0.79,15.87,95.0,0.79,5.6,317.0,333.0,0.0,0.050105263157894736,0.00831578947368421,0.16705263157894737,0.049779458097038445,0.35286704473850034,3.336842105263158,2,Healthy
"TRICOLOR TORTELLINI, CHEESE STUFFED",7.55,2.83,38.68,208.0,1.89,0.9,255.0,151.0,19.0,0.03629807692307692,0.01360576923076923,0.18596153846153846,0.04886246122026887,0.02326783867631851,1.2259615384615385,2,Healthy
"MILK CHOCOLATE & PEANUT BUTTER MINIATURES CUP, MILK CHOCOLATE & PEANUT BUTTER",7.69,26.92,61.54,500.0,53.85,3.8,269.0,327.0,19.0,0.015380000000000001,0.053840000000000006,0.12308,0.8750406239844004,0.06174845628859278,0.538,2,Unhealthy
"FRENCH ONION DIP, FRENCH ONION",6.45,16.13,12.9,226.0,3.23,0.0,613.0,194.0,81.0,0.02853982300884956,0.0713716814159292,0.05707964601769912,0.2503875968992248,0.0,2.7123893805309733,2,Unhealthy
"DAILY GREENS MORINGA, MATCHA, SPIRULINA, CHLORELLA, LEMON, MINT, COCONUT AND MONK FRUIT PROBIOTIC BLEND",20.0,0.0,60.0,400.0,0.0,20.0,300.0,900.0,0.0,0.05,0.0,0.15,0.0,0.3333333333333333,0.75,2,Healthy
"CALIFORNIA FRENCH STYLE DRESSING, CALIFORNIA FRENCH STYLE",0.0,20.0,30.0,300.0,26.67,0.0,1133.0,0.0,0.0,0.0,0.06666666666666667,0.1,0.889,0.0,3.776666666666667,2,Unhealthy
"ORANGE WITH ALMOND DARK CHOCOLATE, ORANGE WITH ALMOND",8.0,32.0,56.0,560.0,40.0,8.0,0.0,680.0,0.0,0.014285714285714285,0.05714285714285714,0.1,0.7142857142857143,0.14285714285714285,0.0,2,Moderate
WHOLE GRAIN WHEAT CEREAL,9.09,1.82,81.82,345.0,20.0,10.9,9.0,364.0,0.0,0.02634782608695652,0.00527536231884058,0.23715942028985507,0.24443901246638966,0.13321926179418236,0.02608695652173913,2,Healthy
Pillsbury Grands! Flaky Layers Biscuits 20 Count,6.39,11.96,43.0,305.0,5.95,1.2,962.0,104.0,1.0,0.020950819672131145,0.03921311475409836,0.14098360655737704,0.13837209302325582,0.027906976744186046,3.1540983606557376,2,Unhealthy
"PREMIUM QUALITY COOKIES 'N CREAM FROZEN YOGURT, COOKIES 'N CREAM",4.85,4.85,31.07,184.0,28.16,0.0,117.0,242.0,10.0,0.02635869565217391,0.02635869565217391,0.1688586956521739,0.9063405214032829,0.0,0.6358695652173914,2,Unhealthy
"AMERICAN STYLE PASTEURIZED PROCESSED SANDWICH CHEESE SLICES, AMERICAN STYLE",0.0,11.76,17.65,176.0,0.0,0.0,1118.0,24.0,0.0,0.0,0.06681818181818182,0.1002840909090909,0.0,0.0,6.3522727272727275,2,Unhealthy
"SEASONED PREMIUM CUBED STUFFING, SEASONED",12.5,4.17,75.0,417.0,4.17,4.2,1458.0,33.0,0.0,0.02997601918465228,0.01,0.17985611510791366,0.0556,0.056,3.4964028776978417,2,Moderate
SWEET & CRUNCHY LITTLE GEM LETTUCE HEARTS,1.18,0.0,3.53,18.0,1.18,2.4,6.0,247.0,0.0,0.06555555555555555,0.0,0.1961111111111111,0.3342776203966006,0.6798866855524079,0.3333333333333333,1,Healthy
"MIXED BERRY BLENDED GREEK NONFAT YOGURT, MIXED BERRY",8.67,0.0,12.0,80.0,10.67,0.7,37.0,123.0,7.0,0.108375,0.0,0.15,0.8891666666666667,0.05833333333333333,0.4625,2,Moderate
PREMIUM ATLANTIC SALMON,20.35,13.27,0.0,212.0,0.0,0.0,58.0,407.0,53.0,0.09599056603773586,0.0625943396226415,0.0,0.0,0.0,0.27358490566037735,1,Healthy
"Slim Jim Smoked Snack Stick Pantry Pack, Original, 0.28 Ounce Stick 46-Count",12.5,37.5,12.5,500.0,0.0,0.0,1625.0,0.0,125.0,0.025,0.075,0.025,0.0,0.0,3.25,2,Unhealthy
"CHEESE PASTA FILLED WITH RICOTTA, MOZZARELLA, AND ROMANO CHEESES TORTELLINI, CHEESE",10.0,3.75,35.83,208.0,0.83,5.8,308.0,202.0,29.0,0.04807692307692308,0.018028846153846152,0.17225961538461537,0.023164945576332682,0.16187552330449345,1.4807692307692308,2,Healthy
"CHEWY CHOCOLATE FLAVORED TOOTSIE ROLL MIDGEES CANDY, CHEWY CHOCOLATE",0.0,7.58,69.7,364.0,51.52,0.0,30.0,0.0,0.0,0.0,0.020824175824175825,0.1914835164835165,0.7391678622668579,0.0,0.08241758241758242,2,Moderate
"CHEDDAR NATURAL CHEESE, CHEDDAR",21.74,34.78,4.35,391.0,0.0,0.0,652.0,74.0,109.0,0.05560102301790281,0.08895140664961637,0.011125319693094628,0.0,0.0,1.6675191815856778,2,Moderate
"BROWN BUTTER FROZEN GREEK YOGURT BARS WITH A CINNAMON GRAHAM SWIRL AND HONEY GLAZED PECAN PIE PIECES, PECAN PIE",7.69,6.92,29.23,200.0,21.54,0.0,115.0,169.0,8.0,0.038450000000000005,0.0346,0.14615,0.7369141293191925,0.0,0.575,2,Unhealthy
Pringles Crisps Pizza 2.5oz,4.7,31.1,56.7,524.0,3.2,2.4,648.0,432.0,1.0,0.008969465648854962,0.05935114503816794,0.10820610687022901,0.0564373897707231,0.042328042328042326,1.2366412213740459,2,Healthy
"COFFEE + OAT MILK LATTE, COFFEE + OAT MILK",0.4,2.4,9.2,60.0,4.0,0.0,40.0,0.0,0.0,0.006666666666666667,0.04,0.15333333333333332,0.4347826086956522,0.0,0.6666666666666666,1,Moderate
SOLID MILK CHOCOLATE,7.02,31.58,59.65,509.0,56.14,1.8,70.0,358.0,18.0,0.013791748526522592,0.06204322200392927,0.11719056974459725,0.9411567476948869,0.030176026823134954,0.137524557956778,2,Unhealthy
"AGED WHITE CHEDDAR RICE & CORN PUFFS, AGED WHITE CHEDDAR",7.14,21.43,64.29,500.0,3.57,0.0,714.0,432.0,18.0,0.01428,0.04286,0.12858,0.05552963135790946,0.0,1.428,2,Moderate
"SESAME ASIAN SALAD KIT, SESAME ASIAN",2.0,7.0,13.0,120.0,8.0,1.0,190.0,160.0,0.0,0.016666666666666666,0.058333333333333334,0.10833333333333334,0.6153846153846154,0.07692307692307693,1.5833333333333333,2,Unhealthy
Gatorade Fierce Grape Thirst Quencher 32 Fluid Ounce Plastic Bottle,0.0,0.0,6.06,24.0,5.81,0.0,46.0,13.0,0.0,0.0,0.0,0.2525,0.9587458745874587,0.0,1.9166666666666667,2,Unhealthy
"PLANTERS, DELUXE MIXED NUTS",17.86,50.0,25.0,607.0,3.57,7.1,286.0,679.0,0.0,0.029423393739703457,0.08237232289950576,0.04118616144975288,0.14279999999999998,0.284,0.471169686985173,1,Healthy
"POUND CAKE WITH PECANS, PECANS",6.25,15.62,53.12,375.0,28.12,0.0,297.0,62.0,62.0,0.016666666666666666,0.041653333333333334,0.14165333333333333,0.5293674698795181,0.0,0.792,2,Moderate
HEART HEALTH POWER SQUARES NUT CLUSTERS,10.0,23.33,53.33,433.0,20.0,13.3,450.0,433.0,0.0,0.023094688221709007,0.05387990762124711,0.12316397228637413,0.37502343896493534,0.249390586911682,1.0392609699769053,2,Healthy
Beef Ravioli - #10 Can,2.72,3.89,13.62,105.0,1.95,1.2,311.0,132.0,4.0,0.025904761904761906,0.03704761904761905,0.1297142857142857,0.14317180616740088,0.0881057268722467,2.961904761904762,2,Moderate
"CLASSIC CAESAR CREAMY DRESSING, CLASSIC CAESAR",3.45,41.38,3.45,414.0,0.0,0.0,362.0,69.0,103.0,0.008333333333333333,0.09995169082125605,0.008333333333333333,0.0,0.0,0.8743961352657005,2,Healthy
"FRUIT & NUT TROPICAL TREAT TRAIL MIX, FRUIT & NUT",2.94,17.65,70.59,412.0,52.94,2.9,162.0,235.0,0.0,0.007135922330097087,0.042839805825242716,0.1713349514563107,0.7499645842187278,0.04108230627567644,0.3932038834951456,2,Unhealthy
"MANGO ALMOND RAW ENERGY BARS, MANGO ALMOND",8.89,15.56,53.33,356.0,35.56,6.7,244.0,444.0,0.0,0.024971910112359552,0.04370786516853933,0.14980337078651684,0.666791674479655,0.12563285205325334,0.6853932584269663,2,Moderate
"PARTY DIP MIX, ZESTY GARLIC",0.0,0.0,0.0,0.0,0.0,0.0,3889.0,1111.0,0.0,0.0,0.0,0.0,0.0,0.0,0.0,1,Healthy
"SpaghettiOs Original Canned Pasta, 15.8 OZ Can",2.38,0.4,13.1,67.0,4.76,1.2,238.0,107.0,2.0,0.03552238805970149,0.005970149253731343,0.19552238805970149,0.36335877862595417,0.0916030534351145,3.5522388059701493,2,Unhealthy
GREEN SPLIT PEAS,22.86,0.0,62.86,343.0,8.57,25.7,14.0,829.0,0.0,0.0666472303206997,0.0,0.18326530612244898,0.1363347120585428,0.4088450524976137,0.04081632653061224,1,Healthy
BLACK BEANS,5.38,0.38,16.92,92.0,0.77,4.6,285.0,369.0,0.0,0.058478260869565216,0.004130434782608695,0.1839130434782609,0.04550827423167848,0.27186761229314416,3.097826086956522,1,Healthy
"WHEAT & RICE CEREAL, TOASTED CINNAMON SQUARES",6.45,9.68,74.19,419.0,32.26,6.5,677.0,194.0,0.0,0.015393794749403342,0.023102625298329356,0.17706443914081146,0.43482949184526215,0.08761288583367031,1.6157517899761336,2,Moderate
"CHEEZY DOES IT, AMERICAN PASTEURIZED CHEESE SNACK, AMERICAN",10.0,20.0,13.33,267.0,10.0,0.0,1400.0,243.0,33.0,0.03745318352059925,0.0749063670411985,0.0499250936329588,0.7501875468867216,0.0,5.2434456928838955,2,Unhealthy
"FUDGE SANDWICH CREME COOKIES, FUDGE",5.71,17.14,71.43,457.0,31.43,2.9,457.0,0.0,0.0,0.0124945295404814,0.0375054704595186,0.1563019693654267,0.44001119977600445,0.04059918801623967,1.0,2,Moderate
"WESTERN FAMILY, FRUIT COCKTAIL",0.0,0.0,11.29,48.0,8.87,0.8,8.0,97.0,0.0,0.0,0.0,0.23520833333333332,0.7856510186005314,0.070859167404783,0.16666666666666666,1,Moderate
PEANUT BUTTER COOKIE MIX,7.69,13.46,73.08,423.0,42.31,3.8,538.0,173.0,0.0,0.018179669030732863,0.03182033096926714,0.1727659574468085,0.5789545703338808,0.05199781061850027,1.2718676122931443,2,Unhealthy
"LEMON & HERB PIECES, LEMON & HERB",18.57,2.86,10.0,143.0,0.0,7.1,714.0,564.0,0.0,0.12986013986013986,0.02,0.06993006993006994,0.0,0.71,4.993006993006993,2,Healthy
MACARONI CHEESE DINNER,11.43,1.43,74.29,357.0,12.86,2.9,714.0,486.0,0.0,0.03201680672268908,0.004005602240896358,0.2080952380952381,0.1731053977655135,0.03903620944945484,2.0,2,Moderate
SELFIE BUNNY HOLLOW MILK CHOCOLATE,3.57,28.57,67.86,500.0,64.29,3.6,54.0,214.0,18.0,0.00714,0.05714,0.13572,0.9473916887709992,0.05305039787798409,0.108,2,Unhealthy
ORGANIC MANGOS,0.95,0.48,15.24,62.0,13.81,1.4,0.0,167.0,0.0,0.01532258064516129,0.007741935483870968,0.24580645161290324,0.9061679790026247,0.09186351706036745,0.0,1,Moderate
PEPPERONI AND MOZZARELLA,26.32,21.05,1.75,298.0,0.0,0.0,1228.0,246.0,61.0,0.08832214765100671,0.07063758389261746,0.00587248322147651,0.0,0.0,4.120805369127517,2,Unhealthy
"WHITE CHIPS, WHITE",6.67,23.33,73.33,533.0,73.33,0.0,67.0,187.0,0.0,0.0125140712945591,0.043771106941838646,0.1375797373358349,1.0,0.0,0.12570356472795496,2,Unhealthy
CUP N' CRISP PEPPERONI,16.67,46.67,0.0,500.0,0.0,0.0,2067.0,0.0,117.0,0.03334,0.09334,0.0,0.0,0.0,4.134,2,Unhealthy
CUT GREEN BEANS WITH SEA SALT,0.83,0.0,2.48,17.0,0.83,0.8,157.0,83.0,0.0,0.0488235294117647,0.0,0.14588235294117646,0.3346774193548387,0.32258064516129037,9.235294117647058,1,Unhealthy
"TOMATO PUREE, TOMATO",1.59,0.0,7.94,40.0,4.76,1.6,24.0,317.0,0.0,0.03975,0.0,0.1985,0.5994962216624684,0.20151133501259447,0.6,1,Moderate
Cinnamon Toast Crunch Soft Baked Oat Bars,5.3709,15.372,69.9381,412.7236,26.8623,10.8488,307.9651,167.3072,0.1288,0.013013309633856654,0.037245265354343686,0.16945505418153944,0.38408678531444235,0.15512002756723445,0.7461775871309516,2,Healthy
"DARK CHOCOLATE 55% COCOA COVERED CARAMELS, DARK CHOCOLATE",3.57,28.57,60.71,393.0,3.57,28.6,71.0,357.0,18.0,0.009083969465648855,0.0726972010178117,0.15447837150127228,0.05880415088123867,0.47109207708779444,0.1806615776081425,2,Healthy
"TOASTED COCONUT ROASTED CASHEWS, TOASTED COCONUT",14.29,35.71,42.86,571.0,21.43,3.6,214.0,464.0,0.0,0.025026269702276706,0.06253940455341506,0.07506129597197898,0.5,0.08399440037330845,0.37478108581436076,1,Moderate
BLACKENED ATLANTIC SALMON,20.54,8.93,1.43,161.0,0.0,0.9,223.0,375.0,45.0,0.12757763975155278,0.055465838509316766,0.008881987577639751,0.0,0.6293706293706294,1.3850931677018634,2,Healthy
WHOLE SODIUM SUPER SWEET CORN,0.0,0.0,7.07,35.0,2.02,1.0,101.0,71.0,0.0,0.0,0.0,0.202,0.2857142857142857,0.14144271570014144,2.8857142857142857,2,Unhealthy
"ALMONDS, DARK CHOCOLATE CHUNKS, PECANS, CASHEWS MEDLEY, ALMONDS, DARK CHOCOLATE CHUNKS, PECANS, CASHEWS",14.29,46.43,39.29,571.0,25.0,7.1,89.0,536.0,0.0,0.025026269702276706,0.08131348511383538,0.06880910683012259,0.6362942224484602,0.1807075591753627,0.15586690017513136,1,Moderate
"SUGAR COOKIE DOUGH KETO SNACK, SUGAR COOKIE",7.14,64.29,25.0,679.0,0.0,3.6,232.0,93.0,18.0,0.010515463917525773,0.09468335787923418,0.036818851251840944,0.0,0.14400000000000002,0.34167893961708395,2,Healthy
7.5 OZ CAN Orange Dry,0.0,0.0,12.89,49.0,12.89,0.0,0.0,24.0,0.0,0.0,0.0,0.2630612244897959,1.0,0.0,0.0,2,Unhealthy
"STRAWBERRY BANANA BASED NON-DAIRY FROZEN DESSERT, STRAWBERRY",1.0,3.5,23.0,120.0,20.0,3.0,25.0,470.0,0.0,0.008333333333333333,0.029166666666666667,0.19166666666666668,0.8695652173913043,0.13043478260869565,0.20833333333333334,2,Moderate
"TORTELLINI PRIMAVERA PARMESAN FOUR-CHEESE STUFFED TORTELLINI, ZUCCHINI, RED PEPPERS AND CARROTS IN A PARMESAN MARINARA SAUCE CAFE STEAMERS, TORTELLINI PRIMAVERA PARMESAN",3.72,2.6,14.13,97.0,2.97,1.9,190.0,160.0,7.0,0.03835051546391753,0.026804123711340208,0.14567010309278353,0.21019108280254778,0.13446567586694974,1.958762886597938,2,Moderate
"SUGAR SKULL CALAVERA COOKIE DECORATING KIT, SUGAR SKULL",3.77,11.32,67.92,396.0,39.62,1.9,151.0,38.0,0.0,0.00952020202020202,0.028585858585858586,0.1715151515151515,0.5833333333333333,0.02797408716136631,0.3813131313131313,2,Moderate
"ENRICHED MACARONI PRODUCT, RIGATONI",14.29,1.79,73.21,375.0,1.79,3.6,0.0,196.0,0.0,0.038106666666666664,0.004773333333333333,0.19522666666666666,0.024450211719710426,0.04917361016254611,0.0,1,Healthy
"CHICKEN FLAVOR FETTUCCINE IN A CREAMY CHICKEN FLAVORED PASTA AND SAUCE, CHICKEN",13.33,1.67,75.0,367.0,3.33,3.3,950.0,300.0,0.0,0.036321525885558585,0.004550408719346049,0.20435967302452315,0.0444,0.044,2.5885558583106265,2,Moderate
STRAIGHT CUT FRENCH FRIED POTATOES,1.18,4.71,20.0,118.0,1.18,1.2,24.0,318.0,0.0,0.01,0.03991525423728814,0.1694915254237288,0.059,0.06,0.2033898305084746,2,Healthy
"DARK CHOCOLATE RASPBERRY KETO BARK, DARK CHOCOLATE RASPBERRY",0.0,27.27,45.45,409.0,0.0,36.4,45.0,318.0,0.0,0.0,0.06667481662591687,0.11112469437652812,0.0,0.8008800880088008,0.1100244498777506,2,Healthy
"CHICKEN NOODLE CONDENSED SOUP, CHICKEN NOODLE",2.4,1.6,6.4,48.0,0.0,0.0,712.0,120.0,12.0,0.049999999999999996,0.03333333333333333,0.13333333333333333,0.0,0.0,14.833333333333334,2,Unhealthy
"SEASONED CRISPY SHRIMP FRY SEAFOOD BATTER MIX, SEASONED CRISPY SHRIMP FRY",6.67,3.33,73.33,333.0,3.33,3.3,3033.0,150.0,0.0,0.02003003003003003,0.01,0.2202102102102102,0.045411155052502386,0.045002045547524884,9.108108108108109,2,Unhealthy
"ROASTED & UNSALTED WHOLE CASHEWS, ROASTED & UNSALTED",17.86,50.0,28.57,607.0,7.14,3.6,0.0,586.0,0.0,0.029423393739703457,0.08237232289950576,0.047067545304777594,0.24991249562478124,0.12600630031501575,0.0,1,Healthy
"365 EVERYDAY VALUE, CHERRY & BERRY MIX",2.5,1.25,82.5,325.0,72.5,5.0,0.0,400.0,0.0,0.007692307692307693,0.0038461538461538464,0.25384615384615383,0.8787878787878788,0.06060606060606061,0.0,2,Unhealthy
BLACK BEANS,22.86,2.86,60.0,229.0,2.86,34.3,14.0,600.0,0.0,0.09982532751091702,0.012489082969432314,0.26200873362445415,0.04766666666666666,0.5716666666666667,0.0611353711790393,1,Healthy
VANILLA CREME GENUINE PROTEIN POWDER,45.71,12.86,30.0,400.0,2.86,1.4,193.0,429.0,64.0,0.114275,0.03215,0.075,0.09533333333333333,0.04666666666666666,0.4825,2,Healthy
SPROUTED NO SALT ADDED BREAD,17.65,1.47,47.06,265.0,5.88,5.9,29.0,265.0,0.0,0.06660377358490566,0.005547169811320755,0.17758490566037738,0.12494687632809179,0.12537186570335743,0.10943396226415095,2,Healthy
THICK CUT BACON,35.71,35.71,0.0,429.0,0.0,0.0,1857.0,479.0,107.0,0.08324009324009324,0.08324009324009324,0.0,0.0,0.0,4.328671328671328,1,Unhealthy
